<?xml version="1.0" encoding="UTF-8"?>
<project-private xmlns="http://www.netbeans.org/ns/project-private/1">
    <editor-bookmarks xmlns="http://www.netbeans.org/ns/editor-bookmarks/2" lastBookmarkId="0"/>
    <open-files xmlns="http://www.netbeans.org/ns/projectui-open-files/2">
        <group>
            <file>file:/D:/mguzman/UPC/Sistema%20de%20Inventario%20GRATIS/Sistema%20de%20Inventario%20GRATIS/Proyecto%20JAVA/InventarioFree/src/Formularios/Frm_Principal.java</file>
            <file>file:/D:/mguzman/UPC/Sistema%20de%20Inventario%20GRATIS/Sistema%20de%20Inventario%20GRATIS/Proyecto%20JAVA/InventarioFree/nbproject/project.xml</file>
            <file>file:/D:/mguzman/UPC/Sistema%20de%20Inventario%20GRATIS/Sistema%20de%20Inventario%20GRATIS/Proyecto%20JAVA/InventarioFree/src/Clases/Cls_Productos.java</file>
            <file>file:/D:/mguzman/UPC/Sistema%20de%20Inventario%20GRATIS/Sistema%20de%20Inventario%20GRATIS/Proyecto%20JAVA/InventarioFree/src/Formularios/Frm_Productos.java</file>
            <file>file:/D:/mguzman/UPC/Sistema%20de%20Inventario%20GRATIS/Sistema%20de%20Inventario%20GRATIS/Proyecto%20JAVA/InventarioFree/src/Formularios/Frm_Login.java</file>
        </group>
    </open-files>
</project-private>
